동,2015_12 등록된 전기차,2016_12 등록된 전기차,2017_12 등록된 전기차,2018_12 등록된 전기차,2019_12 등록된 전기차,2020_12 등록된 전기차,2021_12 등록된 전기차
가락1동,0,0,7,8,55,84,148
가락2동,1,2,6,9,20,47,75
가락본동,0,1,0,10,19,30,54
가리봉동,0,0,1,1,3,7,8
가산동,4,57,67,58,200,222,131
가양1동,21,12,44,88,115,205,449
가양2동,0,0,0,5,6,11,23
가양3동,0,0,0,6,5,17,32
가회동,2,2,3,5,8,9,19
갈현1동,1,2,4,10,8,15,25
갈현2동,0,0,0,6,7,16,27
강일동,0,0,7,27,35,60,137
개봉1동,2,2,5,14,18,34,65
개봉2동,0,0,1,6,13,19,34
개봉3동,0,0,2,4,2,6,13
개포1동,0,0,2,3,5,13,23
개포2동,2,2,2,4,22,55,119
개포4동,0,1,4,5,8,26,69
거여1동,2,2,2,2,7,10,24
거여2동,1,1,1,7,8,19,42
고덕1동,2,2,5,19,36,53,83
고덕2동,1,1,0,4,21,43,94
고척1동,3,3,4,8,20,33,52
고척2동,0,0,1,7,13,20,42
공덕동,5,9,10,29,44,61,120
공릉1동,4,5,6,9,21,34,72
공릉2동,1,0,7,15,22,29,65
공항동,8,5,17,22,38,53,166
광장동,3,4,8,17,26,35,64
광희동,2,2,5,20,21,28,43
교남동,0,0,1,4,8,17,39
구로1동,0,1,5,47,57,399,1367
구로2동,0,1,19,27,33,80,148
구로3동,2,3,5,7,22,43,96
구로4동,1,2,3,3,5,154,1543
구로5동,1,2,7,15,15,26,72
구산동,1,1,6,10,13,23,48
구의1동,2,2,5,9,11,23,37
구의2동,0,0,3,11,19,28,44
구의3동,2,2,6,10,13,26,47
군자동,0,0,1,3,5,14,32
금호1가동,0,0,5,8,11,16,32
금호2·3가동,1,1,3,10,20,24,38
금호4가동,0,0,2,9,16,20,46
길동,0,1,2,14,44,89,152
길음1동,0,2,4,14,33,46,72
길음2동,1,2,3,10,15,28,49
낙성대동,0,1,2,4,7,13,22
난곡동,0,0,1,6,7,10,21
난향동,0,0,0,5,10,13,26
남가좌1동,0,1,1,3,10,19,44
남가좌2동,0,0,2,4,11,25,54
남영동,2,3,6,7,10,16,18
남현동,0,0,2,5,12,18,18
내곡동,6,6,8,16,26,51,125
노량진1동,0,2,9,19,32,43,74
노량진2동,0,0,9,11,12,13,18
녹번동,0,7,24,33,43,66,108
논현1동,7,3,3,9,36,64,66
논현2동,9,13,16,15,29,42,103
능동,1,0,3,5,7,12,21
다산동,1,1,2,5,12,22,38
답십리1동,0,0,2,12,24,36,84
답십리2동,1,1,2,8,19,27,63
당산1동,6,9,32,42,50,64,86
당산2동,3,4,9,20,25,48,93
대림1동,0,0,2,2,8,16,37
대림2동,0,0,0,2,5,10,15
대림3동,0,0,1,4,6,16,44
대방동,1,1,3,12,16,31,50
대조동,0,0,1,4,5,9,20
대치1동,4,79,104,223,232,196,4256
대치2동,2,3,8,748,1077,1775,1619
대치4동,10,23,2065,2783,3455,3971,3058
대학동,0,1,1,9,25,56,70
대흥동,0,0,0,4,7,13,25
도곡1동,2,3,6,18,32,64,105
도곡2동,6,4,12,29,44,97,142
도림동,0,0,2,6,9,18,35
도봉1동,0,0,0,2,10,25,56
도봉2동,1,1,2,9,14,24,48
도화동,3,4,6,14,25,27,43
독산1동,0,2,5,17,36,62,124
독산2동,0,0,1,4,5,13,19
독산3동,0,0,1,4,8,14,31
독산4동,0,0,0,1,5,9,20
돈암1동,0,0,0,0,7,11,26
돈암2동,0,0,3,14,28,38,62
동선동,0,0,2,6,5,10,10
동화동,0,0,1,4,6,8,12
둔촌1동,3,5,4,3,0,5,6
둔촌2동,1,2,4,15,19,27,44
등촌1동,4,5,8,15,26,41,66
등촌2동,0,0,2,4,10,18,31
등촌3동,1,2,1,3,11,26,49
마장동,2,5,18,29,46,79,129
마천1동,2,2,7,13,21,31,36
마천2동,1,1,1,3,7,20,43
망우3동,0,1,2,3,10,24,52
망우본동,1,0,3,11,17,62,89
망원1동,1,1,3,3,11,24,54
망원2동,1,2,3,9,16,24,39
면목2동,1,1,2,6,14,40,56
면목3·8동,0,0,0,2,4,6,29
면목4동,10,10,0,1,5,18,35
면목5동,0,0,0,0,6,9,26
면목7동,0,0,1,3,10,22,34
면목본동,0,0,0,6,8,21,33
명동,28,33,57,75,112,142,200
명일1동,0,0,4,6,23,30,58
명일2동,0,0,2,6,12,19,34
목1동,38,40,9,16,28,58,102
목2동,2,3,6,15,17,25,36
목3동,0,0,0,4,10,15,35
목4동,0,0,0,8,13,15,39
목5동,2,2,8,23,36,54,95
무악동,0,0,0,2,7,12,18
묵1동,2,3,6,12,22,27,60
묵2동,0,1,2,5,4,6,23
문래동,1,1,2,7,17,50,103
문정1동,0,2,3,14,26,73,95
문정2동,2,2,4,17,36,80,102
미성동,0,0,3,4,7,14,34
미아동,6,7,8,15,17,25,30
반포1동,1,1,3,19,43,74,146
반포2동,0,1,5,55,68,97,153
반포3동,1,1,1,6,21,46,62
반포4동,6,6,8,14,21,57,81
반포본동,1,3,2,10,47,61,63
발산1동,1,3,4,14,35,91,173
방배1동,0,0,4,9,32,39,62
방배2동,0,1,2,14,17,22,38
방배3동,2,3,3,12,20,31,35
방배4동,4,4,14,20,23,30,61
방배본동,0,2,3,10,23,41,66
방이1동,5,6,14,16,25,29,49
방이2동,0,2,4,6,12,34,71
방학1동,4,6,28,35,44,60,139
방학2동,1,2,1,3,9,11,28
방학3동,0,1,1,8,11,25,43
방화1동,1,4,6,15,27,57,97
방화2동,0,0,1,10,20,48,105
방화3동,1,2,2,9,12,18,41
번1동,0,0,0,1,6,9,23
번2동,1,1,5,7,13,25,34
번3동,0,0,0,1,3,38,61
보광동,0,0,2,2,11,10,17
보라매동,0,0,0,4,13,19,36
보문동,1,1,2,5,15,22,37
부암동,1,1,2,7,10,15,30
북가좌1동,3,1,3,17,21,39,56
북가좌2동,0,1,2,7,13,28,50
북아현동,1,1,4,6,11,16,33
불광1동,0,1,2,6,11,23,57
불광2동,0,0,2,5,7,15,22
사근동,1,1,5,8,11,13,24
사당1동,2,3,8,11,14,22,34
사당2동,1,2,3,7,25,26,48
사당3동,2,2,6,9,20,28,48
사당4동,1,1,1,5,9,14,27
사당5동,2,3,4,11,15,15,21
사직동,5,6,9,15,26,37,142
삼각산동,0,1,3,10,19,35,55
삼선동,1,3,24,27,33,40,66
삼성1동,59,36,44,56,75,84,131
삼성2동,10,11,11,24,40,76,132
삼성동,2,1,2,4,5,16,29
삼양동,0,1,3,6,9,19,34
삼전동,0,1,2,11,26,45,69
삼청동,1,1,2,6,5,7,9
상계10동,1,0,1,5,8,15,25
상계1동,1,1,8,22,36,68,127
상계2동,0,2,13,13,16,37,47
상계3·4동,0,1,5,7,10,44,66
상계5동,1,1,4,10,11,22,30
상계6·7동,3,5,11,13,22,33,50
상계8동,0,0,4,6,8,17,32
상계9동,0,1,1,3,7,9,25
상도1동,2,4,7,17,26,38,90
상도2동,1,1,3,10,17,22,46
상도3동,0,0,1,10,13,18,30
상도4동,1,1,3,7,12,16,41
상봉1동,2,3,3,11,16,26,48
상봉2동,0,1,2,8,8,16,36
상암동,282,283,134,31,59,95,126
상일동,1,1,1,4,8,60,174
서강동,3,2,5,14,22,44,70
서교동,3,4,6,13,26,43,69
서림동,0,1,0,4,9,20,38
서빙고동,0,0,0,3,12,21,35
서원동,0,0,1,5,9,13,27
서초1동,10,14,99,189,418,830,1014
서초2동,5,8,11,18,23,55,117
서초3동,2,4,11,17,35,58,221
서초4동,2,1,2,15,35,56,111
석관동,0,0,1,4,10,30,54
석촌동,2,1,3,16,27,35,62
성내1동,3,3,10,14,22,35,64
성내2동,4,6,27,32,40,55,76
성내3동,0,0,1,6,17,31,42
성북동,3,3,5,14,18,30,46
성산1동,1,3,14,19,23,37,53
성산2동,2,3,16,22,33,42,95
성수1가1동,18,20,62,215,235,356,526
성수1가2동,0,1,61,62,65,227,144
성수2가1동,0,0,1,9,26,60,105
성수2가3동,3,1,1,10,14,23,54
성현동,0,0,1,6,13,19,46
세곡동,11,6,7,31,77,110,194
소공동,2,2,2,15,43,226,307
송정동,0,0,5,8,8,9,16
송중동,2,2,2,3,12,23,33
송천동,0,0,1,6,9,11,29
송파1동,0,0,3,8,17,28,49
송파2동,0,1,2,6,13,20,45
수궁동,2,3,6,7,11,16,36
수색동,0,0,0,5,7,13,26
수서동,1,1,5,9,12,35,61
수유1동,0,0,0,8,9,20,24
수유2동,0,0,0,1,3,12,22
수유3동,1,1,1,15,23,32,47
숭인1동,0,0,0,1,1,4,10
숭인2동,0,0,0,0,0,3,8
시흥1동,1,1,13,23,33,47,83
시흥2동,5,5,5,12,18,24,32
시흥3동,1,1,3,7,9,13,27
시흥4동,0,0,0,5,10,12,24
시흥5동,1,1,2,3,6,23,39
신길1동,0,0,0,2,12,17,22
신길3동,0,0,1,2,5,9,24
신길4동,1,1,1,1,2,9,24
신길5동,1,1,1,3,5,16,23
신길6동,0,0,1,3,5,14,28
신길7동,0,0,1,9,16,28,61
신내1동,1,3,6,26,46,64,90
신내2동,3,4,10,22,28,41,76
신당5동,0,0,0,3,4,8,18
신당동,2,2,5,10,19,20,26
신대방1동,1,1,3,6,15,35,68
신대방2동,6,5,10,14,25,30,49
신도림동,2,1,3,10,21,30,77
신림동,1,1,1,6,11,10,26
신사1동,2,2,2,8,17,28,52
신사2동,0,1,3,5,11,25,46
신사동,4,6,12,24,28,35,60
신사동,0,0,1,8,12,14,27
신수동,1,2,3,10,21,33,49
신원동,0,0,2,2,4,10,14
신월1동,1,1,1,16,22,20,42
신월2동,5,4,5,3,3,9,28
신월3동,1,1,1,4,10,20,28
신월4동,1,1,1,3,9,24,38
신월5동,1,1,0,3,4,9,28
신월6동,0,2,3,14,16,27,49
신월7동,4,8,8,7,17,22,34
신정1동,1,1,5,12,39,92,125
신정2동,3,6,14,16,32,37,58
신정3동,1,1,2,11,19,41,89
신정4동,2,3,3,7,16,30,50
신정6동,0,0,24,31,43,43,74
신정7동,1,2,3,6,9,16,39
신촌동,1,1,3,5,8,14,28
쌍문1동,3,3,2,16,22,34,47
쌍문2동,2,2,4,4,7,16,31
쌍문3동,1,2,1,2,3,7,15
쌍문4동,0,1,1,6,9,12,18
아현동,4,7,1,10,21,30,65
안암동,0,1,1,2,6,8,17
암사1동,0,3,5,9,16,30,58
암사2동,0,0,0,6,11,19,38
암사3동,0,0,0,3,11,12,38
압구정동,2,2,5,12,26,48,83
약수동,1,2,2,5,7,19,36
양재1동,4,38,115,145,208,394,982
양재2동,6,6,11,60,66,86,226
양평1동,1,0,2,15,13,27,39
양평2동,1,0,4,10,36,41,86
여의동,18,77,214,508,1106,1482,1545
역삼1동,13,10,37,122,302,451,648
역삼2동,2,2,3,84,135,131,221
역촌동,3,4,7,9,13,32,61
연남동,1,2,3,9,14,21,33
연희동,3,3,14,37,54,68,120
염리동,0,0,0,5,9,11,85
염창동,0,0,3,11,22,44,94
영등포동,2,2,5,20,36,60,102
영등포본동,0,0,1,2,6,17,42
오금동,1,2,4,16,19,44,97
오류1동,0,0,0,8,11,21,37
오류2동,1,2,3,7,23,37,78
오륜동,0,1,1,7,19,17,34
옥수동,0,0,1,14,31,45,94
왕십리2동,0,1,1,2,3,8,24
왕십리도선동,0,0,2,15,16,27,71
용강동,0,1,2,13,18,34,65
용답동,1,1,3,4,19,42,55
용문동,0,0,0,2,9,13,25
용산2가동,0,0,0,3,2,5,14
용신동,4,4,19,27,32,42,82
우이동,0,0,1,5,10,13,36
우장산동,2,2,1,10,16,25,73
원효로1동,1,1,10,14,21,35,81
원효로2동,1,8,8,51,58,77,45
월계1동,0,1,1,6,9,17,46
월계2동,0,0,3,8,12,21,42
월계3동,0,0,1,4,11,26,45
월곡1동,2,4,3,6,7,15,19
월곡2동,1,0,1,3,13,25,49
위례동,1,3,10,32,40,61,163
은천동,0,0,2,4,9,20,57
을지로동,0,0,0,1,2,6,9
응봉동,2,1,1,1,3,12,20
응암1동,1,0,2,6,6,31,60
응암2동,1,1,3,9,16,30,75
응암3동,1,1,2,5,8,15,27
이문1동,0,0,1,2,12,17,23
이문2동,0,0,1,6,13,14,26
이촌1동,1,3,5,11,29,52,275
이촌2동,0,0,2,7,11,14,49
이태원1동,1,2,7,34,43,48,61
이태원2동,1,1,2,5,6,10,15
이화동,1,2,3,4,7,18,23
인수동,1,2,3,7,20,36,68
인헌동,0,0,0,8,8,17,36
일원1동,1,1,2,4,12,22,36
일원2동,1,1,4,18,35,60,101
일원본동,1,1,2,10,21,39,59
자양1동,1,0,4,24,31,42,76
자양2동,1,1,2,6,12,15,43
자양3동,1,1,5,10,21,30,73
자양4동,0,0,0,2,4,6,22
잠실2동,0,1,3,24,46,74,126
잠실3동,1,1,6,14,30,54,97
잠실4동,0,1,6,26,32,56,95
잠실6동,2,3,6,32,42,62,99
잠실7동,0,0,1,3,4,8,23
잠실본동,1,3,4,9,14,28,75
잠원동,2,4,6,9,26,30,53
장안1동,2,2,6,15,25,34,74
장안2동,1,1,1,2,9,27,73
장위1동,0,2,3,5,8,14,42
장위2동,0,1,2,3,6,9,20
장위3동,0,0,0,1,4,20,39
장지동,3,3,8,16,18,34,72
장충동,6,6,11,16,18,21,25
전농1동,2,3,2,6,20,30,62
전농2동,1,2,5,7,7,14,37
정릉1동,2,2,3,27,49,89,115
정릉2동,0,0,1,7,19,24,45
정릉3동,2,2,2,5,7,12,20
정릉4동,0,0,1,7,34,18,40
제기동,0,1,1,5,7,17,33
조원동,0,1,2,3,5,13,29
종로1·2·3·4가동,12,15,37,35,41,53,122
종로5·6가동,1,3,3,4,3,6,9
종암동,1,1,3,14,17,41,72
중계1동,0,1,5,8,9,19,37
중계2·3동,0,0,1,11,16,26,48
중계4동,0,4,7,8,18,26,40
중계본동,0,0,0,4,11,22,30
중곡1동,0,0,2,6,11,18,24
중곡2동,0,1,1,2,4,8,19
중곡3동,0,0,0,3,4,9,15
중곡4동,0,0,3,7,8,18,47
중림동,1,2,3,14,19,28,44
중앙동,1,0,1,6,10,13,21
중화1동,1,2,3,7,8,18,29
중화2동,0,0,0,5,6,12,34
증산동,0,0,2,7,7,17,30
진관동,8,9,13,36,81,134,197
창1동,0,1,2,6,22,43,55
창2동,0,0,0,9,13,21,44
창3동,1,1,1,3,7,13,22
창4동,0,0,3,11,19,28,52
창5동,1,2,1,7,11,28,39
창신1동,1,0,0,2,2,2,7
창신2동,0,0,2,1,2,6,6
창신3동,0,0,0,3,3,4,8
천연동,0,0,1,4,8,13,26
천호1동,0,0,3,4,8,26,72
천호2동,3,4,5,8,16,27,46
천호3동,1,2,1,5,15,28,57
청구동,1,2,3,6,8,12,28
청담동,8,10,31,31,53,101,146
청량리동,1,5,5,6,12,19,37
청룡동,2,4,21,46,58,68,101
청림동,0,0,0,3,6,13,19
청운효자동,1,1,4,13,20,28,51
청파동,0,0,2,6,11,13,27
충현동,3,4,3,12,23,36,66
평창동,4,5,7,29,38,41,82
풍납1동,1,1,2,7,14,20,33
풍납2동,1,2,4,11,20,32,54
필동,99,55,7,10,13,20,30
하계1동,2,2,3,12,12,22,41
하계2동,1,1,2,0,4,8,21
한강로동,37,33,6,22,44,65,129
한남동,6,6,14,22,39,66,113
합정동,3,4,4,11,18,28,71
항동,0,0,0,0,0,19,65
행당1동,5,4,22,33,40,62,82
행당2동,1,1,2,4,14,18,34
행운동,0,0,2,7,10,23,33
혜화동,0,1,2,2,8,16,23
홍은1동,0,0,1,6,9,20,47
홍은2동,0,0,1,9,27,41,58
홍제1동,1,1,5,10,15,24,42
홍제2동,0,0,1,3,4,7,18
홍제3동,0,0,0,5,5,8,21
화곡1동,0,0,13,16,27,42,85
화곡2동,0,0,1,1,6,10,19
화곡3동,1,0,2,5,7,16,26
화곡4동,0,1,2,5,8,15,22
화곡6동,2,3,4,7,7,20,48
화곡8동,0,0,17,22,25,27,40
화곡본동,1,2,4,6,9,21,40
화양동,1,1,1,8,15,20,26
황학동,0,0,1,3,5,14,31
회기동,0,0,0,2,2,7,7
회현동,5,7,11,23,47,140,103
효창동,0,0,0,1,6,10,16
후암동,1,1,2,10,14,24,37
휘경1동,2,2,2,3,4,5,14
휘경2동,2,1,2,5,9,23,41
흑석동,2,2,3,8,14,39,66